{"syll_dist": [0.11207482993197279, 0.1337962962962963, 0.1526830808080808, 0.13246336996336996, 0.09801587301587303, 0.1712878787878788, 0.21666666666666667, 0.10898268398268399, 0.10929232804232802, 0.10044642857142858], "syll_acc": [0.42857142857142855, 0.0, 0.0, 0.0, 0.4, 0.2, 0.16666666666666666, 0.4, 0.3333333333333333, 0.25], "rhyme_scheme_agree": [1.0, 1.0, 1.0, 1, 1.0, 0.75, 0.75, 1.0, 1.0, 1.0], "semantic_sim": [0.24892286956310272, 0.4455277919769287, 0.5687404870986938, 0.5120638012886047, 0.4424963593482971, 0.15108276903629303, 0.6723744869232178, 0.37859177589416504, 0.4213138222694397, 0.5243923664093018], "keyword_sim": [0.44756510853767395, 0.4710029363632202, 0.6219903230667114, 0.6636538505554199, 0.6462721824645996, 0.14654144644737244, 0.6859778165817261, 0.3245598077774048, 0.44482654333114624, 0.4935869574546814], "line_keyword_sim": [0.39414365589618683, 0.22841670364141464, 0.41345077008008957, 0.4282251199086507, 0.46380365192890166, 0.24185055494308472, 0.41166387250026065, 0.3313657730817795, 0.37194647019108135, 0.3262467384338379], "phon_rep_dif": [0.4947735191637631, 0.4703211517165006, 0.04160097028502119, 0.04112554112554112, 0.49481058640373643, 0.33412092572397917, 0.28713272543059776, 0.6993825846284862, 0.26365914786967415, 0.22734642406773553], "bleu": [0, 2.679115079291711e-155, 0, 0, 0, 0, 0, 0, 0, 0], "lyrics": [[["Now’s your moment", "Floating in a blue lagoon", "Boy you better do it soon", "No time will be better", "She don’t say a word", "And she won’t say a word", "Until you kiss the girl"], ["řekla mi", "že prej je lepší se mnou", "že prej je lepší se mnou", "že prej je lepší se mnou", "že prej je lepší se mnou", "že prej je lepší se mnou", "že prej je lepší"]], [["What is this fighting all about", "Will someone tear these two apart", "This is a factory not a circus", "Now come on ladies settle down", "I run a business of repute", "I am the Mayor of this town"], ["starosta města s městem souhlasí", "na jednání s městem souhlasí", "na jednání s městem souhlasí", "na jednání s městem souhlasí", "na jednání s městem souhlasí", "na jednání s městem souhlasí"]], [["From the day we arrive on the planet", "And blinking step into the sun", "There's more to see than can ever be seen", "More to do than can ever be done"], ["když se slunce odráží a já vidím", "že nad hlavou sedím", "tak jako by bylo v mých očích", "jak se zdá že hvězdy vidí"]], [["Consider the coconut", "Consider its tree", "We use each part of the coconut that's all we need"], ["tak se mnou se smíš pracovat", "a pokud tě chytím", "ještě jednou prosím tě aby mi kokos"]], [["I've always been so different", "Normal rules did not apply", "Is this the day", "Are you the way", "I finally find out why"], ["je to jako každý jiný den", "je to jako každý jiný den", "jiný způsob", "jiný způsob", "je to jako každý jiný den"]], [["Master of the house", "Isn't worth my spit", "Comforter philosopher and lifelong shit", "Cunning little brain regular Voltaire", "Thinks he's quite a lover but there's not much there"], ["tak už jsem tady", "já jdu domů", "a já nevím co se mi stane", "a já nevím co se mi stane", "já nevím co se mi stane"]], [["The rain that brings you here", "Is Heaven-blessed", "The skies begin to clear", "And I'm at rest", "A breath away from where you are", "I've come home from so far"], ["nebeský déšť", "nad hlavou mi svítá", "a nebeský déšť", "co z něj je", "že psychologické požehnání", "a nebeský déšť"]], [["But let's be clear", "Abuela runs this show", "She led us here so many years ago", "Whoa And every year our family blessings grow", "Whoa There's just a lot you've simply got to know"], ["abuela", "abuela abuela", "abuela abuela abuela", "abuela abuela abuela", "abuela abuela"]], [["Marius you're no longer a child", "I do not doubt you mean it well", "But now there is a higher call", "Who cares about your lonely soul", "We strive towards a larger goal", "Our little lives don't count at all"], ["s láskou a touhou se svou duší", "v náručí své smrti má", "a pak sám sebe svou vlastní", "a svou duši svou vlastní", "a svou duši svou vlastní", "a svou duši svou vlastní"]], [["I know a place where no one's lost", "I know a place where no one cries", "Crying at all is not allowed", "Not in my castle on a cloud"], ["já za sebou tvůj hrad mám", "můj pláč v srdci můj už máš", "tvůj pláč v srdci můj už máš", "tvůj pláč v srdci můj už máš"]]]}