{"syll_dist": [1.4935714285714288, 0.14909297052154194, 0.135515873015873, 0.1795138888888889, 1.0457142857142856, 1.3390224358974356, 0.16856060606060608, 0.4809523809523809, 0.31181249306249303, 0.14717948717948717], "syll_acc": [0.0, 0.2857142857142857, 0.2, 0.25, 0.0, 0.0, 0.0, 0.2, 0.0, 0.6], "rhyme_scheme_agree": [0.4, 0.0, 1.0, 1.0, 0.2, 0.5, 1.0, 1.0, 0.3333333333333333, 1.0], "rhyme_accuracy": [0.4, 0.0, 0.1, 1.0, 0.2, 0.4, 0.3333333333333333, 1.0, 0.3333333333333333, 0.25], "semantic_sim": [0.21528935432434082, 0.25140929222106934, 0.5074041485786438, 0.46028441190719604, -0.010576125234365463, 0.2701205611228943, 0.393362432718277, 0.31025660037994385, 0.2766563892364502, 0.29849332571029663], "keyword_sim": [0.3164415657520294, 0.2370164543390274, 0.5622706413269043, 0.6073068380355835, 0.16051319241523743, 0.36954087018966675, 0.5699527263641357, 0.33755308389663696, 0.40042436122894287, 0.46503105759620667], "line_keyword_sim": [0.1428922414779663, 0.1523474476167134, 0.3036079928278923, 0.2633897736668587, 0.029641199111938476, 0.18196592200547457, 0.3571339286863804, 0.12112430334091187, 0.16444342335065207, 0.1782679498195648], "phon_rep_dif": [0.03318250377073906, 0.13499653499653497, 0.6183387270765911, 0.5446998722860792, 0.09432962374138848, 0.18093038481123153, 0.5397727272727273, 0.04600301659125189, 0.04316990440949742, 0.3044130626654899], "bleu2gram": [0, 5.8963360690495975e-155, 0.06780635036208103, 0, 0.07254762501100116, 5.116379531646389e-155, 3.1727985163502918e-155, 0, 6.6709427497276e-155, 3.862009336171134e-155], "chrf": [0.07286591904893226, 0.10916224583925324, 0.0919668369668405, 0.06563620479405939, 0.0855426471738592, 0.14108757281950524, 0.06300250287924285, 0.05435199019269825, 0.13811976311843002, 0.13212300642670502], "lyrics": [[["We don't talk about Bruno", "no", "no", "no", "We don't talk about Bruno"], ["tak už slyším co jsi řekla", "tak už se známe", "tak už se známe", "tak už se známe", "tak už slyším co jsi řekla"]], [["but It was my wedding day", "It was our wedding day", "We were getting ready", "And there wasn't a cloud in the sky", "No clouds allowed in the sky", "Bruno walks in with a mischievous grin", "Thunder"], ["to už za měsíc řeknu", "co na mě padá", "že zbejvá jen host", "na který se musím dívat dál", "ať už se nevrátí", "tak se zbejvá jen jedna z mála", "na třetí"]], [["You telling this story or am I", "I'm sorry mi vida go on", "Bruno says \"It looks like rain\"", "Why did he tell us", "In doing so he floods my brain"], ["proč se mi do očí prší", "proč se mi do očí prší", "proč se mi do očí prší", "proč se mi do očí prší", "proč se mi do očí prší"]], [["Abuela get the umbrellas", "Married in a hurricane", "What a joyous day", "but anyway"], ["abuela není žádná", "abuela není žádné", "abuela není", "abuela není"]], [["We don't talk about Bruno", "no", "no", "no", "We don't talk about Bruno"], ["tak jako když tě brouk oškubává", "že mi říkáš", "že mi říkáš", "ne ne", "tak jako když tě brouk oškubává"]], [["Hey", "grew to live in fear of Bruno stuttering or stumbling", "I can always hear him sort of muttering and mumbling", "I associate him with the sound of falling sand", "It's a heavy lift with a gift so humbling", "Always left Abuela and the family fumbling", "Grappling with prophecies they couldn't understand", "Do you understand"], ["tak tu stojím a marně s myšlenkou na dívku mou", "mumlám se", "a on jen tiše se mnou kráčí a dívá se", "že už nikdy nevstanu s ním já ani on", "a já tu stojím a marně s myšlenkou na dívku mou", "a on jenom tiše se mnou kráčí a dívá se", "že už nikdy nevstanu s ním já ani on", "tak tu stojím a marně s myšlenkou"]], [["A seven-foot frame rats along his back", "When he calls your name it all fades to black", "Yeah he sees your dreams", "and feasts on your screams"], ["že se černá sere a šeptá", "že se černá sere a šeptá", "že sere a šeptá", "že sere a šeptá"]], [["We don't talk about Bruno", "no", "no", "no", "We don't talk about Bruno"], ["tak už povídej brouku", "brouku", "brouku", "brouku", "už povídej brouku"]], [["He told me my fish would die", "the next day dead", "He told me I'd grow a gut and just like he said", "He said that all my hair would disappear", "now look at my head", "Your fate is sealed when your prophecy is read"], ["na palubě v tom je osud", "a do něj osud se nám zdá", "tak se mu zdá už teď z toho moře se nám zdá", "že teď jsme se jen tak sobě nechali", "teď už máme na palubě", "a je konec v tom není nic"]], [["He told me that the life of my dreams", "Would be promised", "and someday be mine", "He told me that my power would grow Like the grapes", "that thrive on the vine"], ["na stole hrony vína zvadnou", "ty zvadnou", "bude nás vinen", "vinenem vinenem vinenem vinenem vinenem vinenem vinen", "bude nás vinen"]]]}