{"syll_dist": [0.45, 0.22650226757369613, 0.18186507936507937, 0.16875, 0.7714285714285715, 1.367624562937063, 0.08812645687645687, 0.8, 0.08872747622747623, 0.20156288156288155], "syll_acc": [0.4, 0.2857142857142857, 0.2, 0.25, 0.2, 0.125, 0.5, 0.4, 0.3333333333333333, 0.2], "rhyme_scheme_agree": [1.0, 0.75, 1.0, 0.0, 0.6, 0.7222222222222222, 0.75, 1.0, 0.0, 1.0], "rhyme_accuracy": [1.0, 0.2, 0.3333333333333333, 0.0, 0.6, 0.26666666666666666, 0.25, 1.0, 0.0, 0.3333333333333333], "semantic_sim": [0.16782072186470032, 0.3934969902038574, 0.387164831161499, 0.6262292265892029, 0.2159252166748047, 0.40947073698043823, 0.31670504808425903, 0.13680630922317505, 0.47631460428237915, 0.5895838737487793], "keyword_sim": [0.3015512526035309, 0.49393028020858765, 0.6607508063316345, 0.7380466461181641, 0.29248347878456116, 0.7070577144622803, 0.5907777547836304, 0.22421325743198395, 0.39434659481048584, 0.7060964703559875], "line_keyword_sim": [0.10968737602233887, 0.20522430006946837, 0.2399697184562683, 0.26903870329260826, 0.07582964301109314, 0.16339759109541774, 0.15201539546251297, 0.0957868754863739, 0.22924421479304632, 0.3656316608190536], "phon_rep_dif": [0.0660699062233589, 0.028999319264805923, 0.006081297343433323, 0.004659832246039164, 0.17927170868347336, 0.09372025786987986, 0.09659090909090906, 0.22549019607843138, 0.08964073944890127, 0.044228804902962104], "bleu2gram": [0.140028008402801, 0.07777224784208954, 5.8963360690495975e-155, 3.422121424610076e-155, 0, 5.2331180392189256e-155, 0.07372097807744855, 0, 5.300024930644097e-155, 4.306075028866568e-155], "chrf": [0.08418639866627886, 0.14509929436448063, 0.12467793595703505, 0.13718888610963673, 0.05431075707238506, 0.1681245970904539, 0.17711989405261053, 0.04216269841269851, 0.13781486363693635, 0.1383449181485387], "lyrics": [[["We don't talk about Bruno", "no", "no", "no", "We don't talk about Bruno"], ["a ten kdo si řekne ne", "ne ne", "ne ne", "ne ne", "a ten kdo si řekne ne"]], [["but It was my wedding day", "It was our wedding day", "We were getting ready", "And there wasn't a cloud in the sky", "No clouds allowed in the sky", "Bruno walks in with a mischievous grin", "Thunder"], ["na obloze svítí hory", "kde jsi mě vzal", "na cestu se vydal", "jak se mnou ráno jezdil", "jak se mnou ráno jezdil", "jak se mnou na louce hrál", "byl jak hrom"]], [["You telling this story or am I", "I'm sorry mi vida go on", "Bruno says \"It looks like rain\"", "Why did he tell us", "In doing so he floods my brain"], ["a já řeknu vám kdo z nás je vida", "že v dešti u nás se nám nechce", "a když se z bouře", "tak je nám všem jasný", "že na to jsme se"]], [["Abuela get the umbrellas", "Married in a hurricane", "What a joyous day", "but anyway"], ["abuela v poušti hurikán", "se svou láskou na vlnách v očích svých", "s tváří v dlani", "ve větru shůry"]], [["We don't talk about Bruno", "no", "no", "no", "We don't talk about Bruno"], ["a už to slyším znova", "brouku", "brouku", "brouku", "brouku"]], [["Hey", "grew to live in fear of Bruno stuttering or stumbling", "I can always hear him sort of muttering and mumbling", "I associate him with the sound of falling sand", "It's a heavy lift with a gift so humbling", "Always left Abuela and the family fumbling", "Grappling with prophecies they couldn't understand", "Do you understand"], ["já si broukal a mumlal si o tom co jsem chtěl", "tak to bývá", "když jsem se tou zkratkou vydal k nádraží", "pod okny z oken visel mumlanej kluk", "ten kluk byl vážně jako kluk", "a když jsem se tam po létech vracel zas viděl ten kluk", "ten kluk byl vážně jako kluk", "a když jsem se tam po létech vracel zas viděl ten kluk"]], [["A seven-foot frame rats along his back", "When he calls your name it all fades to black", "Yeah he sees your dreams", "and feasts on your screams"], ["a potom se v noci na zádech roztřásla zem", "a tam v koutě nad hlavou se krčí krysy", "a černé krysy", "a černé krysy"]], [["We don't talk about Bruno", "no", "no", "no", "We don't talk about Bruno"], ["proč se ptáte proč se ptám", "proč se ptám", "proč se ptám", "proč se ptám", "proč se ptáte proč se ptám"]], [["He told me my fish would die", "the next day dead", "He told me I'd grow a gut and just like he said", "He said that all my hair would disappear", "now look at my head", "Your fate is sealed when your prophecy is read"], ["osudová ryba", "kdo se jí chtěl", "v náručí máry a pod ní se z moře slétnout", "jenže já to věděl a věděl jsem jí", "že to musí být", "když já se toužil k té řece vznést"]], [["He told me that the life of my dreams", "Would be promised", "and someday be mine", "He told me that my power would grow Like the grapes", "that thrive on the vine"], ["já slíbil své sliby a slíbím vám", "že se vrátím", "co budu říkat vám", "a v hroznách víno vinný vinný", "co budu povídat vám"]]]}