{"syll_dist": [0.18832199546485257, 0.08214285714285714, 0.05987103174603174, 0.024725274725274724, 0.1476190476190476, 0.09, 0.17093253968253966, 0.11093073593073592, 0.11534992784992786, 0.033482142857142856], "syll_acc": [0.14285714285714285, 0.5, 0.5, 0.6666666666666666, 0.4, 0.6, 0.3333333333333333, 0.6, 0.3333333333333333, 0.75], "rhyme_scheme_agree": [1.0, 1.0, 1.0, 1, 1.0, 0.75, 0.75, 1.0, 1.0, 1.0], "semantic_sim": [0.3686986267566681, 0.3818565607070923, 0.3752477765083313, 0.5521961450576782, 0.6025573015213013, 0.2536303400993347, 0.6679971218109131, 0.3807288408279419, 0.4595496654510498, 0.4275170564651489], "keyword_sim": [0.22596952319145203, 0.6192175149917603, 0.6161882877349854, 0.3967309892177582, 0.69589763879776, 0.19272533059120178, 0.619929850101471, 0.7460067868232727, 0.3302386403083801, 0.29683494567871094], "line_keyword_sim": [0.31199011632374357, 0.25302059079209965, 0.40833820030093193, 0.6060740649700165, 0.49323036670684817, 0.25158642083406446, 0.3905479994912942, 0.3681339234113693, 0.3074972207347552, 0.3289591893553734], "phon_rep_dif": [0.10221674876847298, 0.18646073732173507, 0.019094576423128617, 0.030303030303030276, 0.2604248623131393, 0.31587301587301586, 0.1836309523809524, 0.5666374671505443, 0.2634551495016611, 0.37783310439560436], "bleu": [0, 2.486113577066771e-155, 0, 0, 0, 2.7699582086398624e-155, 0, 0, 2.1993446941558915e-155, 0], "lyrics": [[["Now’s your moment", "Floating in a blue lagoon", "Boy you better do it soon", "No time will be better", "She don’t say a word", "And she won’t say a word", "Until you kiss the girl"], ["já bych na to skočil", "jenže je to jinak", "je to tak zlý když je to jinak", "a to je ten vtip", "když jsem se stal klukem", "a když jsem byl klukem", "tak mě to hrozně mrzí"]], [["What is this fighting all about", "Will someone tear these two apart", "This is a factory not a circus", "Now come on ladies settle down", "I run a business of repute", "I am the Mayor of this town"], ["až se město vyrovná", "za rok budu zase v městě", "tam kde jsem žil a v cirkusu", "zase se potkávám s tělem", "zase se potkávám s tělem", "zas se potkávám s tělem"]], [["From the day we arrive on the planet", "And blinking step into the sun", "There's more to see than can ever be seen", "More to do than can ever be done"], ["nad hlavou mi náhle svítí hvězdy", "a já nevím kam se dát", "jak se vrátit zpátky a co mi říct", "na co se nedívat a jak se ptát"]], [["Consider the coconut", "Consider its tree", "We use each part of the coconut that's all we need"], ["zahodil jsem ten kokos", "byl jsem tím klukem", "který už měl v rodině kokos a je zároveň"]], [["I've always been so different", "Normal rules did not apply", "Is this the day", "Are you the way", "I finally find out why"], ["pravidla jsou běžná", "a kdo je normální", "má normální", "je normální", "a kdo je normální"]], [["Master of the house", "Isn't worth my spit", "Comforter philosopher and lifelong shit", "Cunning little brain regular Voltaire", "Thinks he's quite a lover but there's not much there"], ["to není moje", "to není můj", "já se v tobě jenom koupu a koupu", "já se na dno láskám koupu", "já se v tobě jenom koupu a koupu"]], [["The rain that brings you here", "Is Heaven-blessed", "The skies begin to clear", "And I'm at rest", "A breath away from where you are", "I've come home from so far"], ["v nebi už prší", "v náručí mám tvůj plášť", "a když prší", "tak je to", "když mi nebe pomůže", "když já jdu za tebou"]], [["But let's be clear", "Abuela runs this show", "She led us here so many years ago", "Whoa And every year our family blessings grow", "Whoa There's just a lot you've simply got to know"], ["abuela", "abuela kde bereš požehnání", "abuela kde bereš požehnání", "abuela kde bereš požehnání", "abuela kde bereš požehnání"]], [["Marius you're no longer a child", "I do not doubt you mean it well", "But now there is a higher call", "Who cares about your lonely soul", "We strive towards a larger goal", "Our little lives don't count at all"], ["já čekám až mi řekneš že jsem byl sám", "já sám si tě najdu a nevím", "jak se staneš že jsi byl sám", "já bych tě nenašel a nevím", "že jsi byl sám a nevím", "jak se staneš že jsi byl sám"]], [["I know a place where no one's lost", "I know a place where no one cries", "Crying at all is not allowed", "Not in my castle on a cloud"], ["kde jsi hledal místo v ráji", "kde jsi hledal místo v ráji", "kde jsi hledal místo v ráji", "kde jsi hledal místo v ráji"]]]}