{"syll_dist": [0.45, 0.2004251700680272, 0.16576118326118328, 0.07291666666666666, 0.6857142857142857, 1.1447725885225883, 0.0696969696969697, 0.5035714285714286, 0.26141266141266134, 0.09], "syll_acc": [0.4, 0.42857142857142855, 0.0, 0.75, 0.8, 0.125, 0.5, 0.0, 0.0, 0.6], "rhyme_scheme_agree": [0.4, 0.75, 1.0, 0.0, 1.0, 0.1111111111111111, 0.5, 0.4, 0.16666666666666666, 1.0], "rhyme_accuracy": [0.4, 0.3333333333333333, 0.3333333333333333, 0.0, 1.0, 0.0, 0.5, 0.4, 0.0, 0.16666666666666666], "semantic_sim": [0.17004847526550293, 0.35432302951812744, 0.2811398506164551, 0.5382015109062195, 0.08299365639686584, 0.4166681170463562, 0.420766144990921, 0.29749032855033875, 0.7380462884902954, 0.320326030254364], "keyword_sim": [0.28263556957244873, 0.422088623046875, 0.3769241273403168, 0.5266720652580261, 0.12916259467601776, 0.5049532651901245, 0.7093720436096191, 0.424550324678421, 0.9079497456550598, 0.677098274230957], "line_keyword_sim": [0.06575553417205811, 0.17035972752741405, 0.30391487181186677, 0.06997367739677429, 0.050872451066970824, 0.18437366280704737, 0.15249770134687424, 0.1825110673904419, 0.33167656511068344, 0.3057979501783848], "phon_rep_dif": [0.05015082956259426, 0.11451378809869373, 0.012872259190574886, 0.03214494447691407, 0.10784313725490197, 0.06417618730983898, 0.17052469135802473, 0.041176470588235314, 0.02989273782310531, 0.014935064935064912], "bleu2gram": [6.08970970641905e-155, 6.459112543299825e-155, 4.972227154133551e-155, 5.9272881770944635e-155, 0, 0.04373292016331552, 2.976141319784918e-155, 0, 4.8382386830893205e-155, 4.2190746459451896e-155], "chrf": [0.09843093748845311, 0.11877814318330028, 0.12021476767985291, 0.11446295954232565, 0.03409090909090919, 0.13395299046496734, 0.11487430829591347, 0.11588815708099207, 0.14392147238145267, 0.13991588601510738], "lyrics": [[["We don't talk about Bruno", "no", "no", "no", "We don't talk about Bruno"], ["to byl ten co jsem neznal", "ne já", "ne já", "ne já", "to byl ten co jsem neznal"]], [["but It was my wedding day", "It was our wedding day", "We were getting ready", "And there wasn't a cloud in the sky", "No clouds allowed in the sky", "Bruno walks in with a mischievous grin", "Thunder"], ["co tě čeká za den", "co tě čeká za den", "vítr si honí prach", "na tom budeš se muset trochu", "už tě ani nenapadá", "když je venku tak bývá", "tak to bývá"]], [["You telling this story or am I", "I'm sorry mi vida go on", "Bruno says \"It looks like rain\"", "Why did he tell us", "In doing so he floods my brain"], ["o dešti už dávno vím že se ti zdá", "já jsem viděl tvoji tvář", "jak se na mě díváš", "a to ti říkám", "když se někdy dívám"]], [["Abuela get the umbrellas", "Married in a hurricane", "What a joyous day", "but anyway"], ["tak to si to s tebou myslím já", "že jsi na mě sama", "já se ptám proč jsi", "abuela"]], [["We don't talk about Bruno", "no", "no", "no", "We don't talk about Bruno"], ["jak to bývá když si brouk", "brouk", "brouk", "brouk", "brouk"]], [["Hey", "grew to live in fear of Bruno stuttering or stumbling", "I can always hear him sort of muttering and mumbling", "I associate him with the sound of falling sand", "It's a heavy lift with a gift so humbling", "Always left Abuela and the family fumbling", "Grappling with prophecies they couldn't understand", "Do you understand"], ["v tom čase jsme všichni dospěli k svému štěstí", " odpojili se z cesty", "za ní se nám už jen honí klaun", "a z něj se nám už jen rýmuje", "tak se s námi loučí a nadává", "že jsme se do něj navázali a že jsme mumulá", "že jsme se do něj navázali a že jsme mumulá", "že jsme mumulá a nadává"]], [["A seven-foot frame rats along his back", "When he calls your name it all fades to black", "Yeah he sees your dreams", "and feasts on your screams"], ["teď už slyším jenom slova křičící", "a já slyším jenom slova křičící", "jak černý krysy", "které se nebojí"]], [["We don't talk about Bruno", "no", "no", "no", "We don't talk about Bruno"], ["poslouchej kde se tu mluví", "brouku", "brouku", "brouku", "poslouchej kde se tu mluví"]], [["He told me my fish would die", "the next day dead", "He told me I'd grow a gut and just like he said", "He said that all my hair would disappear", "now look at my head", "Your fate is sealed when your prophecy is read"], ["v jeho kůži smrt je", "co na ni vypráví", "a ve vzpomínkách i na to že už nejsem živ", "na toho kdo měl na dně ryby", "na osud a na proroctví", "na osud a na proroctví"]], [["He told me that the life of my dreams", "Would be promised", "and someday be mine", "He told me that my power would grow Like the grapes", "that thrive on the vine"], ["jak je vinná réva prolhaná", "když se jí zdá", "že je vinná", "proč se jí z vinných hroznů nestřílí do dlaní", "že se jí zdá"]]]}