{"syll_dist": [0.0, 0.016865079365079364, 0.07567460317460317, 0.05625, 0.35773809523809524, 0.06373626373626373, 0.023863636363636365, 0.030952380952380953, 0.05622294372294373, 0.15602564102564104], "syll_acc": [1.0, 0.8571428571428571, 0.4, 0.75, 0.2, 0.5, 0.75, 0.8, 0.5, 0.2], "rhyme_scheme_agree": [1.0, 0.0, 0.0, 1.0, 0.1, 0.4444444444444444, 0.5, 0.1, 0.3333333333333333, 0.5], "rhyme_accuracy": [1.0, 0.0, 0.0, 1.0, 0.1, 0.4444444444444444, 0.5, 0.1, 0.3333333333333333, 0.0], "semantic_sim": [0.1594502180814743, 0.1660546213388443, 0.35962870717048645, 0.509686291217804, 0.10815034806728363, 0.2965925633907318, 0.39306676387786865, 0.04366956651210785, 0.30423715710639954, 0.36794406175613403], "keyword_sim": [0.22105833888053894, 0.10351232439279556, 0.5173801779747009, 0.5882736444473267, 0.19078625738620758, 0.3718529939651489, 0.641684889793396, 0.16559068858623505, 0.5207197666168213, 0.5259870290756226], "line_keyword_sim": [0.0699400395154953, 0.4168837474925177, 0.2733200274407864, 0.2956566661596298, 0.06902158260345459, 0.33579268492758274, 0.308495681732893, 0.06878906488418579, 0.36995695034662884, 0.3616202026605606], "phon_rep_dif": [0.31516021042563364, 0.14493170381020848, 0.0902341519131924, 0.19342672413793105, 0.4556692242114237, 0.11664471168146862, 0.022376543209876587, 0.42835595776772245, 0.09985069055617768, 0.14588744588744584], "bleu2gram": [0, 5.193321887224977e-155, 2.8189878239914012e-155, 3.729170365600141e-155, 0, 5.825959545113307e-155, 3.0448548532095193e-155, 0, 4.556346430542418e-155, 4.1371430671115046e-155], "chrf": [0.03393665158371051, 0.12321745941646546, 0.11052075581174853, 0.09619087702038522, 0.03333333333333343, 0.1635584245119564, 0.11268401249881105, 0.07543259903151424, 0.13034030216317777, 0.10794662856804721], "lyrics": [[["We don't talk about Bruno", "no", "no", "no", "We don't talk about Bruno"], ["ňa má milá je tu tak", "tak", "tak", "tak", "rát se ve stěně do tak"]], [["but It was my wedding day", "It was our wedding day", "We were getting ready", "And there wasn't a cloud in the sky", "No clouds allowed in the sky", "Bruno walks in with a mischievous grin", "Thunder"], ["ňa bolola je svátek", "žím s ní za svatbičku", "ňa sú ješte POHĚV", "ňa je krásná na na nebi", "ťuky s mraky se jim bi", "ňa o gée zašla v kelibáku", "ňa šo"]], [["You telling this story or am I", "I'm sorry mi vida go on", "Bruno says \"It looks like rain\"", "Why did he tell us", "In doing so he floods my brain"], ["áchvě na příběh je tu v příbězích", "ťa ví kde je má kamarádka", "ťaj si v deštivé dráze", "ňa fňa gňa gňa gňa fňa", "ých postav v kredence"]], [["Abuela get the umbrellas", "Married in a hurricane", "What a joyous day", "but anyway"], ["erifa daddy abuela", "ňákej blázen se oženil", "ňákej se mi zdál", "dál dál dál a dál"]], [["We don't talk about Bruno", "no", "no", "no", "We don't talk about Bruno"], ["ňa ožralať a do tlapy", "ňápy", "cky", "ňáky", "rát si s ní za klobouk"]], [["Hey", "grew to live in fear of Bruno stuttering or stumbling", "I can always hear him sort of muttering and mumbling", "I associate him with the sound of falling sand", "It's a heavy lift with a gift so humbling", "Always left Abuela and the family fumbling", "Grappling with prophecies they couldn't understand", "Do you understand"], ["ťa", "ťape se nad kopou v klopě a s tím se všichni smějou", "ťukám si na čelo když mumlání se za tebou", "ťukají si do uší a slyším cinkot", "žím já ve zdvihu a mám zdvih jou", "eny v zemi búe se všichni narodili ju", "rát si do života a do toho se chytit", "rát s námi na kot"]], [["A seven-foot frame rats along his back", "When he calls your name it all fades to black", "Yeah he sees your dreams", "and feasts on your screams"], ["ňa la š šňa la z krysu žňa z krysa", "ťapky černě až černa ostrava", "ňákej má rád svět", "žím po tom jak vět"]], [["We don't talk about Bruno", "no", "no", "no", "We don't talk about Bruno"], ["ňa je tu z plnej nuly", "ly", "lly", "ly", "enom slova z mluvy"]], [["He told me my fish would die", "the next day dead", "He told me I'd grow a gut and just like he said", "He said that all my hair would disappear", "now look at my head", "Your fate is sealed when your prophecy is read"], ["ňákej smutek a smrt", "ňa na ni je", "žím po zemi s hlavou na nebeskou je", "ťapiť si mě v hlavě a zešílíš", "žím na dně hlavy", "ňákej osud a osud všech lidí"]], [["He told me that the life of my dreams", "Would be promised", "and someday be mine", "He told me that my power would grow Like the grapes", "that thrive on the vine"], ["ít na to aby život šel dál", "ňákej rum", "ťaťa na to koukal", "ťafrán to se do vína píchá a to hned", "žil snad i vět"]]]}