{"syll_dist": [0.5976190476190476, 0.22755102040816322, 0.4941511387163562, 0.3545138888888889, 0.5678571428571428, 0.4259979603729604, 0.11285173160173159, 1.2620238095238094, 0.27146464646464646, 0.32335470085470086], "syll_acc": [0.2, 0.42857142857142855, 0.2, 0.0, 0.2, 0.25, 0.5, 0.2, 0.16666666666666666, 0.2], "rhyme_scheme_agree": [0.2, 0.0, 0.0, 0.5, 0.1, 0.0, 0.5, 0.0, 0.3333333333333333, 0.0], "rhyme_accuracy": [0.2, 0.0, 0.0, 0.0, 0.1, 0.0, 0.5, 0.0, 0.3333333333333333, 0.0], "semantic_sim": [0.28428006172180176, 0.3890894055366516, 0.45565080642700195, 0.15281887352466583, 0.12082608044147491, 0.33581429719924927, 0.14522843062877655, 0.08012404292821884, 0.33956098556518555, 0.23759247362613678], "keyword_sim": [0.3542904853820801, 0.30382293462753296, 0.6029813289642334, 0.12419015169143677, 0.17273280024528503, 0.4019284248352051, 0.10806956887245178, 0.18516163527965546, 0.3388729691505432, 0.24988147616386414], "line_keyword_sim": [0.15477399826049804, 0.4363137515527861, 0.4836266338825226, 0.11398529633879662, 0.08569421768188476, 0.18459895253181458, 0.37728093191981316, 0.0652308076620102, 0.1871402965237697, 0.33194659948349], "phon_rep_dif": [0.44117647058823534, 0.12598752598752605, 0.08183079056865461, 0.1356821589205397, 0.45784313725490194, 0.13735988999541648, 0.1842948717948718, 0.2615836143374547, 0.09273384183059019, 0.23110047846889947], "bleu2gram": [0, 4.56728227981426e-155, 3.940021713882275e-155, 0, 0, 0.04454354031873741, 3.110343094808483e-155, 0, 4.220416191083081e-155, 2.9038859720156064e-155], "chrf": [0.10660649073555974, 0.10611959168994847, 0.14151750185618225, 0.0746698401125171, 0.057016384778012776, 0.15825720537538737, 0.10738414659970591, 0.017725487030459664, 0.11708668045115261, 0.10601007348995364], "lyrics": [[["We don't talk about Bruno", "no", "no", "no", "We don't talk about Bruno"], ["ňákej a bez mluvy", "jsou a vy", "žím já", "vy ty", "ťukám na ty co mluvíš"]], [["but It was my wedding day", "It was our wedding day", "We were getting ready", "And there wasn't a cloud in the sky", "No clouds allowed in the sky", "Bruno walks in with a mischievous grin", "Thunder"], ["ťa v den D svátek", "žím po svátku", "ňák už teď tě chci znát", "ňa šinam to čert vem", "ňáky nám zatahuješ", "ňákej blázen je ňákej z nás na škleb", "ňákej hrom"]], [["You telling this story or am I", "I'm sorry mi vida go on", "Bruno says \"It looks like rain\"", "Why did he tell us", "In doing so he floods my brain"], ["ťa se ptá proč příběh", "ňákej kluk si se mnou hrál", "ťa si pohraje s deštěm", "ám did d d d d d d d d d d d d d d d d d d d d d", "řit se rozplynulým mozek"]], [["Abuela get the umbrellas", "Married in a hurricane", "What a joyous day", "but anyway"], ["ňaša uťa šujrajd do saňaši", "ňa la lá lá lá", "ňa ola", "žím po ní"]], [["We don't talk about Bruno", "no", "no", "no", "We don't talk about Bruno"], ["ňa bez rumu", "žím mu", "žím ti", "žím s ní", "ťukat na ně do ucha"]], [["Hey", "grew to live in fear of Bruno stuttering or stumbling", "I can always hear him sort of muttering and mumbling", "I associate him with the sound of falling sand", "It's a heavy lift with a gift so humbling", "Always left Abuela and the family fumbling", "Grappling with prophecies they couldn't understand", "Do you understand"], ["ňákej géčko", "ťaptám se jak s tím se naložíš a pak v klínu klopím", "ťukám na něj s chutí s chutí polykám", "ňa už sa a se na to kuk a v klidu zpívá", "žím na židli s nohou a s nohama na prsou stahuju", "ách abula s ech se v zemi bimů peru", "řit do hlavy na dně je to opřeno", "ším dobře"]], [["A seven-foot frame rats along his back", "When he calls your name it all fades to black", "Yeah he sees your dreams", "and feasts on your screams"], ["ňa si s ním pohraje z krys", "ách z černa ostrava do černa ostrava", "ťa šňa šňa šňa šňa", "ťukám na ni šňa"]], [["We don't talk about Bruno", "no", "no", "no", "We don't talk about Bruno"], ["ňa šňa šňa šňa šňa", "ťák", "ďé jé jé jé jé jé jé jé", "ďžžžžžžžžžžžžžžžžžžžžžžžžžžžžžžžžžžžžžžžžžžžžžžžžžžžžžžžžžžžžžžžžžžžžžžžžžžžžžžžžžžžžžžžžžžžžžžžžžžžžžžžžžžžžžžžžžžžžžžžžžžžžžžžžžžžžžžžžžžžžžžžžžžžžžžžžžžžžžžžžžžžžžžžžžžžžžžžžžžžžž pravýmžžžžžžžžžžžžžžžžžžžžžžžžžžžžžžžžžžžžžžžžžžžžžžžžžžžžžžžžžžžžžžžžžžžžžžžžž", "rát si s knížkou v křesle"]], [["He told me my fish would die", "the next day dead", "He told me I'd grow a gut and just like he said", "He said that all my hair would disappear", "now look at my head", "Your fate is sealed when your prophecy is read"], ["ňákou krví mrtvoly", "ňákej sen", "rát jsem viděl jak jak v zemi je sen", "ťa je na mětlavo", "žím v dálce", "ťa už v tomhle kraji se mě bát nemůže"]], [["He told me that the life of my dreams", "Would be promised", "and someday be mine", "He told me that my power would grow Like the grapes", "that thrive on the vine"], ["ít v životem štěstí a žít", "ňahó ha ó", "ňa la", "ňákej mráz a ve mě vinný lístek", "ých květů už kvete"]]]}