{"syll_dist": [0.0, 0.0, 0.0], "syll_acc": [1.0, 1.0, 1.0], "rhyme_scheme_agree": [0.2, 0.75, 0.5], "rhyme_accuracy": [0.2, 0.14285714285714285, 0.0], "semantic_sim": [0.18127578496932983, 0.3022277355194092, 0.4221663475036621], "keyword_sim": [0.20693430304527283, 0.32500407099723816, 0.5400671362876892], "line_keyword_sim": [0.07668745517730713, 0.1567062394959586, 0.2592458717525005], "phon_rep_dif": [0.04262574595055413, 0.002564102564102555, 0.04611650485436891], "bleu2gram": [6.2662595914768024e-155, 4.904574652750451e-155, 2.7699582086398624e-155], "chrf": [0.11695010925147423, 0.11125759384890845, 0.10677118962873088], "lyrics": [[["We don't talk about Bruno", "no", "no", "no", "We don't talk about Bruno"], ["já vím že chceš ne co jsem", "vím", "ne", "vím", "já vím že chceš ne co jsem"]], [["but It was my wedding day", "It was our wedding day", "We were getting ready", "And there wasn't a cloud in the sky", "No clouds allowed in the sky", "Bruno walks in with a mischievous grin", "Thunder"], ["tak v myšlenkách si brouká", "že zas já budu sám", "co že zas budu sám", "ten den kdy na zemi stojím sám", "kdy na zemi stojím sám", "no tak kdo na to má právo má jen", "hledá"]], [["You telling this story or am I", "I'm sorry mi vida go on", "Bruno says \"It looks like rain\"", "Why did he tell us", "In doing so he floods my brain"], ["když se k ránu dívám na vidu", "že po ránu nevím co říct", "tak a když vstáváš z deště", "tak tak už slyším smích", "když v dálce slyším vidu"]]]}