{"syll_dist": [0.05158730158730159, 0.15217421467421466, 0.1315079365079365, 0.164033189033189, 0.09722222222222221, 0.1295238095238095, 0.04837662337662338, 0.14611263736263738, 0.19126984126984126, 0.11805555555555554], "syll_acc": [0.6666666666666666, 0.0, 0.2, 0.5, 0.6666666666666666, 0.2, 0.6, 0.2, 0.3333333333333333, 0.6666666666666666], "rhyme_scheme_agree": [1.0, 1.0, 1.0, 1.0, 0.5, 0.75, 0.5, 1, 1.0, 1.0], "semantic_sim": [0.07659861445426941, 0.5666056871414185, 0.4096638262271881, 0.33348387479782104, 0.7522891759872437, 0.6575907468795776, 0.36756715178489685, 0.6796590089797974, 0.1643325239419937, 0.3300078511238098], "keyword_sim": [0.2852255702018738, 0.17184129357337952, 0.6287534832954407, 1.0, 0.9999998807907104, 1.0000001192092896, 0.17089879512786865, 0.47408828139305115, 0.46368372440338135, 0.40834933519363403], "line_keyword_sim": [0.30841710170110065, 0.21880115568637848, 0.5619564831256867, 0.40005702525377274, 0.17426332831382751, 0.40659410655498507, 0.331894239783287, 0.5516252100467682, 0.27337929358084995, 0.35625366990764934], "lyrics": [[["You would live a hundred years", "If I could show you how", "I won't desert you now"], ["někdy to je blízko", "někdy to je blízko", "někdy to je blízko"]], [["Do you hear the people sing", "Say do you hear the distant drums", "It is the future that we bring When tomorrow comes"], ["budem hrát na bubny", "tak už nebudem se ptát", "kdy budeme ve vzpomínkách bubny hrát"]], [["What can I say except", "\"You're welcome\"", "For the tides the sun the sky", "Hey it's okay it's okay you're welcome", "I'm just an ordinary demi-guy"], ["a já jsem to co jsem já", "to jsem já", "to jsem já a jak já", "já jsem to co jsem já a jak já", "tak teď si vzpomínám a jak já"]], [["Little Maui's having trouble with his look", "You little semi-demi-mini-god", "What a terrible performance", "Get the hook", "You don't swing it like you used to man", "Yet I have to give you credit for my start"], ["a já jsem na mini maui tak se ptám", "že se tě ptám proč je to tak", "a jak se to stalo", "tak se ptám", "proč se to stalo že se tě ptám", "proč se to stalo že se"]], [["Bees they'll buzz", "kids will blow dandelion fuzz", "And I'll be doing whatever snow does in summer"], ["tak se mnou", "v zimě od zářím do léta", "bzukot včel od léta do léta"]], [["I've always been so different", "Normal rules did not apply", "Is this the day", "Are you the way", "I finally find out why"], ["pravidla normální jsou", "když mi někdo řekne", "že má jiný řád", "pravidla jsou", "je to zvláštní jak pro mě"]], [["Look at this stuff", "Isn't it neat", "Wouldn't you think my collection's complete", "Wouldn't you think I'm the girl", "The girl who has everything"], ["jak jsi si přál", "jak jsi si přál", "že jsi takhle celá nahá a jak byla", "že jsi byl celej den sám", "tak to bylo moje"]], [["You're not a voice", "You're just a ringing in my ear And if I heard you which I don't", "I'm spoken for I fear", "Everyone I've ever loved", "is here within these walls"], ["slyším slyším", "slyším co zvoníš slyším jak se mi ten hlas zdá", "že mi říkáš jen", "že já slyšel jsi jen", "že mi říkáš jen"]], [["My tía Pepa", "Her mood affects the weather", "When she's unhappy", "Well the temperature gets weird", "My tío Bruno", "We don’t talk about Bruno"], ["já jsem chtěl být brunem", "jak se dát do pohody", "jak se dát do pohody", "co jsem chtěl dělat v brunu", "na konci týdne", "na konci týdne"]], [["The rain that brings you here", "Is Heaven-blessed", "The skies begin to clear", "And I'm at rest", "A breath away from where you are", "I've come home from so far"], ["a pak já přijdu dál", "a pak já přijdu dál", "a pak já přijdu dál", "a pak já přijdu dál", "a pak já přijdu dál", "a pak já přijdu dál"]]]}