{"syll_dist": [0.38888888888888884], "syll_acc": [0.3333333333333333], "rhyme_scheme_agree": [1.0], "rhyme_accuracy": [0.3333333333333333], "semantic_sim": [0.0932326391339302], "keyword_sim": [0.2683677077293396], "line_keyword_sim": [0.2493822673956553], "phon_rep_dif": [0.5490196078431373], "bleu2gram": [0], "chrf": [0.05363479769983949], "lyrics": [[["why is it not working", "i am sad", "this is so bad"], ["není co závidět", "není co závidět", "není co závidět"]]]}