{"syll_dist": [0.830952380952381, 0.1554138321995465, 0.06345238095238095, 0.10243055555555555, 0.5119047619047619, 10, 0.13428030303030303, 0.05357142857142857, 0.07946428571428571, 0.13502136752136754], "syll_acc": [0.2, 0.14285714285714285, 0.6, 0.5, 0.0, 0, 0.25, 0.6, 0.6666666666666666, 0.4], "rhyme_scheme_agree": [1.0, 0.25, 0.0, 0.5, 1.0, 0, 0.5, 0.4, 0.0, 0.0], "rhyme_accuracy": [1.0, 0.0, 0.0, 0.0, 1.0, 0, 0.5, 0.4, 0.0, 0.0], "semantic_sim": [0.08543514460325241, 0.4005195200443268, 0.17090393602848053, 0.4123571217060089, 0.2255721390247345, 0.17199505865573883, 0.19832901656627655, 0.22465744614601135, 0.46883589029312134, 0.37293291091918945], "keyword_sim": [0.16312170028686523, 0.4941277801990509, 0.32055503129959106, 0.5347700715065002, 0.2627100646495819, 0.14659608900547028, 0.2743573486804962, 0.14865721762180328, 0.6125033497810364, 0.4589933753013611], "line_keyword_sim": [0.05907042026519775, 0.1907058826514653, 0.15166012644767762, 0.29255810379981995, 0.0498156875371933, 0, 0.12412096187472343, 0.08047444224357606, 0.17135614156723022, 0.1998530074954033], "phon_rep_dif": [0.2156862745098039, 0.047802197802197854, 0.04226733352946943, 0.29655172413793107, 0.09947393591582976, 0.4816527564417275, 0.07224025974025972, 0.06617647058823528, 0.014184397163120588, 0.18160173160173154], "bleu2gram": [4.654150383524979e-155, 5.637975647982813e-155, 4.13034176920974e-155, 5.249309278714468e-155, 0, 0, 5.4954482324980084e-155, 0, 5.889306822379403e-155, 2.978008471972613e-155], "chrf": [0.07776547176090877, 0.11683819534204577, 0.1226653815712007, 0.17506617485483297, 0.033310975853922314, 0.05178791973008635, 0.14387134162460738, 0.06603532373534741, 0.16918321721080531, 0.1266730854247913], "lyrics": [[["We don't talk about Bruno", "no", "no", "no", "We don't talk about Bruno"], ["ne nebráno nebráno", "nebráno", "nebráno", "nebráno", "nebráno nebráno"]], [["but It was my wedding day", "It was our wedding day", "We were getting ready", "And there wasn't a cloud in the sky", "No clouds allowed in the sky", "Bruno walks in with a mischievous grin", "Thunder"], ["broro co ho může", "že mě bruna má", "to je čas je den", "když smál bych a moh jenom klid", "když jsem dal mráz den", "když jsem se vždy sám a zas vždy sám", "broro"]], [["You telling this story or am I", "I'm sorry mi vida go on", "Bruno says \"It looks like rain\"", "Why did he tell us", "In doing so he floods my brain"], ["v žádný hře nad broukem vysoká", "když jsem se přece vyprávěl", "jak je to každý z živých", "co bylo vždycky", "kdo asi život nadálých"]], [["Abuela get the umbrellas", "Married in a hurricane", "What a joyous day", "but anyway"], ["abendaán a deštníky svých", "abendaán a deštníky svých", "co hraje hrůza", "a když den"]], [["We don't talk about Bruno", "no", "no", "no", "We don't talk about Bruno"], ["to to co nebrácho", "brácho", "brácho", "brácho", "to to co nebrácho"]], [["Hey", "grew to live in fear of Bruno stuttering or stumbling", "I can always hear him sort of muttering and mumbling", "I associate him with the sound of falling sand", "It's a heavy lift with a gift so humbling", "Always left Abuela and the family fumbling", "Grappling with prophecies they couldn't understand", "Do you understand"], ["brouka", "brouka brouka brouka brouka brouka zůstane", "brouka brouka brouka vod těch těch těch těch těch těch těch těch těch těch těch těch těch těch těch těch těch těch těch těch těch těch těch těch těch těch těch těch těch těch těch těch těch těch těch těch těch těch těch těch těch těch těch těch těch těch těch těch těch těch těch těch těch těch těch těch těch těch těch těch těch těch těch těch těch těch těch těch těch"]], [["A seven-foot frame rats along his back", "When he calls your name it all fades to black", "Yeah he sees your dreams", "and feasts on your screams"], ["a vysoká v kyslem hvězdy čeká", "kdy se na tělo vrátí příroda i svět", "kdy se nemáš", "kdy se vnímáš"]], [["We don't talk about Bruno", "no", "no", "no", "We don't talk about Bruno"], ["brouk a dívka nejsem to já", "ty", "ty", "ty", "brouk a dívka nejsem to já"]], [["He told me my fish would die", "the next day dead", "He told me I'd grow a gut and just like he said", "He said that all my hair would disappear", "now look at my head", "Your fate is sealed when your prophecy is read"], ["říkám že jenom vzdálený", "ten ryba je", "kterej se ti povídej když já to nejsem", "prý tenkrát jsem všechno všechno vplnil", "ať je tvoje osudem", "přesto jsem to všechno šel a měl se smát"]], [["He told me that the life of my dreams", "Would be promised", "and someday be mine", "He told me that my power would grow Like the grapes", "that thrive on the vine"], ["ty to nejsou jak slíbený", "mám já pár", "co jen jí povím", "mám ten svůj svůj kůň v místech skalistý", "vypráví mi dál"]]]}