{"syll_dist": [0.05158730158730159], "syll_acc": [0.6666666666666666], "rhyme_scheme_agree": [1.0], "rhyme_accuracy": [1.0], "semantic_sim": [0.1513914167881012], "keyword_sim": [0.3335977792739868], "line_keyword_sim": [0.3118194043636322], "phon_rep_dif": [0.15064562410329985], "bleu2gram": [4.306075028866568e-155], "chrf": [0.1378283563402406], "lyrics": [[["why is it not working", "i am sad", "this is so bad"], ["je mi smutno tam v práci", "kde mám bejt", "kde nemám bejt"]]]}